{"cameraMode":{"drawMode":0,"name":"Shaded","section":"Shading Mode"},"sceneLighting":false,"audioPlay":false,"sceneViewState":{"m_AlwaysRefresh":false,"showFog":true,"showSkybox":true,"showFlares":true,"showImageEffects":true,"showParticleSystems":true,"showVisualEffectGraphs":true,"m_FxEnabled":true},"in2DMode":false,"pivot":{"x":324.3471374511719,"y":26.577810287475587,"z":898.4864501953125},"rotation":{"x":-0.18561838567256928,"y":-0.03330669179558754,"z":0.0062953936867415909,"w":-0.9820379614830017},"size":1.6373155117034913,"orthographic":false}