{"cameraMode":{"drawMode":0,"name":"Shaded","section":"Shading Mode"},"sceneLighting":false,"audioPlay":false,"sceneViewState":{"m_AlwaysRefresh":false,"showFog":true,"showSkybox":false,"showFlares":true,"showImageEffects":true,"showParticleSystems":true,"showVisualEffectGraphs":true,"m_FxEnabled":true},"in2DMode":false,"pivot":{"x":0.6079524159431458,"y":3.7157607078552248,"z":2.1271440982818605},"rotation":{"x":-0.001804059837013483,"y":0.9978042244911194,"z":-0.058748263865709308,"w":-0.030641255900263788},"size":2.8112049102783205,"orthographic":false}