{"cameraMode":{"drawMode":0,"name":"Shaded","section":"Shading Mode"},"sceneLighting":false,"audioPlay":false,"sceneViewState":{"m_AlwaysRefresh":false,"showFog":true,"showSkybox":false,"showFlares":true,"showImageEffects":true,"showParticleSystems":true,"showVisualEffectGraphs":true,"m_FxEnabled":true},"in2DMode":false,"pivot":{"x":-0.053788185119628909,"y":3.145517349243164,"z":-0.5286331176757813},"rotation":{"x":-0.004064415115863085,"y":0.9473161697387695,"z":-0.32005029916763308,"w":-0.0120307095348835},"size":6.307333946228027,"orthographic":false}